source_type,source,n,mean_prediction,empirical_pass_rate,brier,brier_ci_low,brier_ci_high,crps_beta,crps_beta_ci_low,crps_beta_ci_high,bias
baseline,uninformed_0_5,300,0.5,0.53,0.25,0.25,0.25,0.33333167135826675,0.3333313675001102,0.3333319569224667,-0.03
baseline,model_pass_rate,300,0.5668569830282751,0.53,0.2351113373103979,0.21834950276906354,0.25228515082276803,0.4427091496609,0.4252059031508906,0.4601377363951948,0.03685698302827505
baseline,model_bin_pass_rate,300,0.5691136858783917,0.53,0.11775694301346247,0.09539032925269246,0.13818373147103066,0.2295271237172362,0.20520129203857318,0.25785880907102643,0.03911368587839175
baseline,irt_logistic_fit,300,0.560188103998653,0.53,0.11583414652217887,0.09487930499630799,0.13814330946771983,0.21753422472896689,0.1923038641034306,0.24337234067088814,0.03018810399865301
