source_type,source,n,mean_prediction,empirical_pass_rate,brier,brier_ci_low,brier_ci_high,crps_beta,crps_beta_ci_low,crps_beta_ci_high,bias
run,gemini25flash,300,0.42257333333333325,0.53,0.18220576666666666,0.14772890775,0.2170434265833333,0.2442375981207597,0.21162183601796697,0.27535440355019114,-0.10742666666666667
run,gpt55,190,0.7305894736842106,0.7210526315789474,0.10079707368421054,0.0770500502631579,0.12705188697368422,0.17116348775708393,0.14477713978272305,0.19867825673454773,0.009536842105263146
run,haiku45,299,0.437943143812709,0.5317725752508361,0.17123336120401336,0.14748666596989965,0.19556935827759198,0.2594290569204198,0.23664224341967705,0.28444478102114706,-0.0938294314381271
run,opus47,290,0.5242241379310345,0.5448275862068965,0.13700905172413794,0.112517375,0.16067286206896553,0.20944301061998366,0.18509495697485803,0.23634940921791453,-0.02060344827586207
run,sonnet46,299,0.5205685618729098,0.5317725752508361,0.1386571906354515,0.11484316889632107,0.1636927508361204,0.21186422811799868,0.18758148990748302,0.236994668397746,-0.01120401337792642
