source_type,source,n,mean_prediction,empirical_pass_rate,brier,brier_ci_low,brier_ci_high,crps_beta,crps_beta_ci_low,crps_beta_ci_high,bias
baseline,uninformed_0_5,186,0.5,0.7365591397849462,0.25,0.25,0.25,0.3333305653727261,0.3333302487188754,0.33333091081329064,-0.23655913978494625
baseline,model_pass_rate,186,0.5600666458765108,0.7365591397849462,0.20663203465764232,0.18917914675828257,0.22607351076538582,0.4148725162678457,0.3945994705910065,0.4352538384741371,-0.1764924939084354
baseline,model_bin_pass_rate,186,0.7578455863718355,0.7365591397849462,0.09757404178298391,0.07294986203701269,0.12380568055801816,0.18798917940927193,0.1564956733323559,0.22056917680799895,0.021286446586889343
baseline,irt_logistic_fit,186,0.7422757359728659,0.7365591397849462,0.09347636708453128,0.06917888595097291,0.11945126459289958,0.18692133643294337,0.15574485272898972,0.21874306158583878,0.005716596187919759
